"JURISDICTION","METRIC","Sum(FINES)"
"ACT","mobile_phone_use",20641
"ACT","non_wearing_seatbelts",690
"ACT","speed_fines",795155
"ACT","unlicensed_driving",260
"NSW","mobile_phone_use",1221822
"NSW","non_wearing_seatbelts",105152
"NSW","speed_fines",10732771
"NSW","unlicensed_driving",7859
"NT","mobile_phone_use",10191
"NT","non_wearing_seatbelts",11268
"NT","speed_fines",473495
"NT","unlicensed_driving",366
"QLD","mobile_phone_use",511880
"QLD","non_wearing_seatbelts",127760
"QLD","speed_fines",12561422
"QLD","unlicensed_driving",27701
"SA","mobile_phone_use",161553
"SA","non_wearing_seatbelts",21844
"SA","speed_fines",2186411
"SA","unlicensed_driving",7059
"TAS","mobile_phone_use",50598
"TAS","non_wearing_seatbelts",5421
"TAS","speed_fines",461105
"TAS","unlicensed_driving",234
"VIC","mobile_phone_use",631330
"VIC","non_wearing_seatbelts",77421
"VIC","speed_fines",19331578
"VIC","unlicensed_driving",9285
"WA","mobile_phone_use",200306
"WA","non_wearing_seatbelts",26351
"WA","speed_fines",9789096
"WA","unlicensed_driving",2060
